{
	"credit": "Made with Blockbench",
	"textures": {
		"1": "block/blackstone",
		"particle": "block/blackstone"
	},
	"elements": [
		{
			"from": [7.81414, 8.34827, 4.57648],
			"to": [8.18914, 8.66077, 5.20148],
			"rotation": {"angle": 0, "axis": "x", "origin": [8.00164, 7.16077, 8.70148]},
			"faces": {
				"north": {"uv": [1.125, 14, 2.875, 14.625], "rotation": 90, "texture": "#1"},
				"east": {"uv": [1.125, 14, 2.875, 14.625], "rotation": 90, "texture": "#1"},
				"south": {"uv": [1.125, 14, 2.875, 14.625], "rotation": 90, "texture": "#1"},
				"west": {"uv": [1.125, 14, 2.875, 14.625], "rotation": 90, "texture": "#1"},
				"up": {"uv": [1.125, 14, 2.875, 14.625], "rotation": 90, "texture": "#1"},
				"down": {"uv": [1.125, 14, 2.875, 14.625], "rotation": 90, "texture": "#1"}
			}
		},
		{
			"from": [7.78289, 8.64514, 7.79523],
			"to": [8.22039, 8.78577, 8.87336],
			"rotation": {"angle": 0, "axis": "y", "origin": [8.00164, 7.16077, 8.70148]},
			"faces": {
				"north": {"uv": [9.75, 4, 10.625, 4.75], "rotation": 90, "texture": "#1"},
				"east": {"uv": [9.75, 4, 10.625, 4.75], "rotation": 90, "texture": "#1"},
				"south": {"uv": [9.75, 4, 10.625, 4.75], "rotation": 90, "texture": "#1"},
				"west": {"uv": [9.75, 4, 10.625, 4.75], "rotation": 90, "texture": "#1"},
				"up": {"uv": [9.75, 4, 10.625, 4.75], "rotation": 90, "texture": "#1"},
				"down": {"uv": [9.75, 4, 10.625, 4.75], "rotation": 90, "texture": "#1"}
			}
		},
		{
			"from": [7.84539, 8.64514, 5.21711],
			"to": [8.15789, 8.77014, 7.79523],
			"rotation": {"angle": 0, "axis": "y", "origin": [8.00164, 7.16077, 8.70148]},
			"faces": {
				"north": {"uv": [2.375, 11, 3.625, 11.75], "rotation": 90, "texture": "#1"},
				"east": {"uv": [2.375, 11, 3.625, 11.75], "rotation": 90, "texture": "#1"},
				"south": {"uv": [2.375, 11, 3.625, 11.75], "rotation": 90, "texture": "#1"},
				"west": {"uv": [2.375, 11, 3.625, 11.75], "rotation": 90, "texture": "#1"},
				"up": {"uv": [2.375, 11, 3.625, 11.75], "rotation": 90, "texture": "#1"},
				"down": {"uv": [2.375, 11, 3.625, 11.75], "rotation": 90, "texture": "#1"}
			}
		},
		{
			"from": [7.84539, 8.77014, 8.07648],
			"to": [8.15789, 8.80139, 8.85773],
			"rotation": {"angle": 0, "axis": "y", "origin": [8.00164, 7.16077, 8.70148]},
			"faces": {
				"north": {"uv": [9.75, 4, 10.625, 4.75], "rotation": 90, "texture": "#1"},
				"east": {"uv": [9.75, 4, 10.625, 4.75], "rotation": 90, "texture": "#1"},
				"south": {"uv": [9.75, 4, 10.625, 4.75], "rotation": 90, "texture": "#1"},
				"west": {"uv": [9.75, 4, 10.625, 4.75], "rotation": 90, "texture": "#1"},
				"up": {"uv": [9.75, 4, 10.625, 4.75], "rotation": 90, "texture": "#1"},
				"down": {"uv": [9.75, 4, 10.625, 4.75], "rotation": 90, "texture": "#1"}
			}
		},
		{
			"from": [7.84539, 7.42639, 7.73273],
			"to": [8.15789, 8.02014, 8.17023],
			"rotation": {"angle": 0, "axis": "y", "origin": [8.00164, 7.16077, 8.70148]},
			"faces": {
				"north": {"uv": [1.75, 14.25, 2.5, 14.875], "rotation": 90, "texture": "#1"},
				"east": {"uv": [1.75, 14.25, 2.5, 14.875], "rotation": 90, "texture": "#1"},
				"south": {"uv": [1.75, 14.25, 2.5, 14.875], "rotation": 90, "texture": "#1"},
				"west": {"uv": [1.75, 14.25, 2.5, 14.875], "rotation": 90, "texture": "#1"},
				"up": {"uv": [1.75, 14.25, 2.5, 14.875], "rotation": 90, "texture": "#1"},
				"down": {"uv": [1.75, 14.25, 2.5, 14.875], "rotation": 90, "texture": "#1"}
			}
		},
		{
			"from": [7.84539, 7.45764, 6.98273],
			"to": [8.15789, 7.70764, 7.10773],
			"rotation": {"angle": 0, "axis": "y", "origin": [8.00164, 7.16077, 8.70148]},
			"faces": {
				"north": {"uv": [1.75, 14.25, 2.5, 14.875], "rotation": 90, "texture": "#1"},
				"east": {"uv": [1.75, 14.25, 2.5, 14.875], "rotation": 90, "texture": "#1"},
				"south": {"uv": [1.75, 14.25, 2.5, 14.875], "rotation": 90, "texture": "#1"},
				"west": {"uv": [1.75, 14.25, 2.5, 14.875], "rotation": 90, "texture": "#1"},
				"up": {"uv": [1.75, 14.25, 2.5, 14.875], "rotation": 90, "texture": "#1"},
				"down": {"uv": [1.75, 14.25, 2.5, 14.875], "rotation": 90, "texture": "#1"}
			}
		},
		{
			"from": [7.84539, 7.70764, 6.92023],
			"to": [8.15789, 7.95764, 7.04523],
			"rotation": {"angle": 0, "axis": "y", "origin": [8.00164, 7.16077, 8.70148]},
			"faces": {
				"north": {"uv": [1.75, 14.25, 2.5, 14.875], "rotation": 90, "texture": "#1"},
				"east": {"uv": [1.75, 14.25, 2.5, 14.875], "rotation": 90, "texture": "#1"},
				"south": {"uv": [1.75, 14.25, 2.5, 14.875], "rotation": 90, "texture": "#1"},
				"west": {"uv": [1.75, 14.25, 2.5, 14.875], "rotation": 90, "texture": "#1"},
				"up": {"uv": [1.75, 14.25, 2.5, 14.875], "rotation": 90, "texture": "#1"},
				"down": {"uv": [1.75, 14.25, 2.5, 14.875], "rotation": 90, "texture": "#1"}
			}
		},
		{
			"from": [7.84539, 7.34827, 7.04523],
			"to": [8.15789, 7.45764, 7.92023],
			"rotation": {"angle": 0, "axis": "y", "origin": [8.00164, 7.16077, 8.70148]},
			"faces": {
				"north": {"uv": [1.75, 14.25, 2.5, 14.875], "rotation": 90, "texture": "#1"},
				"east": {"uv": [1.75, 14.25, 2.5, 14.875], "rotation": 90, "texture": "#1"},
				"south": {"uv": [1.75, 14.25, 2.5, 14.875], "rotation": 90, "texture": "#1"},
				"west": {"uv": [1.75, 14.25, 2.5, 14.875], "rotation": 90, "texture": "#1"},
				"up": {"uv": [1.75, 14.25, 2.5, 14.875], "rotation": 90, "texture": "#1"},
				"down": {"uv": [1.75, 14.25, 2.5, 14.875], "rotation": 90, "texture": "#1"}
			}
		},
		{
			"from": [7.81414, 8.78577, 8.65461],
			"to": [7.93914, 8.87952, 8.84211],
			"rotation": {"angle": 0, "axis": "y", "origin": [8.00164, 7.16077, 8.70148]},
			"faces": {
				"north": {"uv": [9.75, 4, 10.625, 4.75], "rotation": 90, "texture": "#1"},
				"east": {"uv": [9.75, 4, 10.625, 4.75], "rotation": 90, "texture": "#1"},
				"south": {"uv": [9.75, 4, 10.625, 4.75], "rotation": 90, "texture": "#1"},
				"west": {"uv": [9.75, 4, 10.625, 4.75], "rotation": 90, "texture": "#1"},
				"up": {"uv": [9.75, 4, 10.625, 4.75], "rotation": 90, "texture": "#1"},
				"down": {"uv": [9.75, 4, 10.625, 4.75], "rotation": 90, "texture": "#1"}
			}
		},
		{
			"from": [8.06414, 8.78577, 8.65461],
			"to": [8.18914, 8.87952, 8.84211],
			"rotation": {"angle": 0, "axis": "y", "origin": [8.00164, 7.16077, 8.70148]},
			"faces": {
				"north": {"uv": [9.75, 4, 10.625, 4.75], "rotation": 90, "texture": "#1"},
				"east": {"uv": [9.75, 4, 10.625, 4.75], "rotation": 90, "texture": "#1"},
				"south": {"uv": [9.75, 4, 10.625, 4.75], "rotation": 90, "texture": "#1"},
				"west": {"uv": [9.75, 4, 10.625, 4.75], "rotation": 90, "texture": "#1"},
				"up": {"uv": [9.75, 4, 10.625, 4.75], "rotation": 90, "texture": "#1"},
				"down": {"uv": [9.75, 4, 10.625, 4.75], "rotation": 90, "texture": "#1"}
			}
		},
		{
			"from": [7.97039, 8.66077, 4.79523],
			"to": [8.03289, 8.84827, 5.02961],
			"rotation": {"angle": 0, "axis": "y", "origin": [8.00164, 7.16077, 8.70148]},
			"faces": {
				"north": {"uv": [1.125, 14, 2.875, 14.625], "rotation": 90, "texture": "#1"},
				"east": {"uv": [1.125, 14, 2.875, 14.625], "rotation": 90, "texture": "#1"},
				"south": {"uv": [1.125, 14, 2.875, 14.625], "rotation": 90, "texture": "#1"},
				"west": {"uv": [1.125, 14, 2.875, 14.625], "rotation": 90, "texture": "#1"},
				"up": {"uv": [1.125, 14, 2.875, 14.625], "rotation": 90, "texture": "#1"},
				"down": {"uv": [1.125, 14, 2.875, 14.625], "rotation": 90, "texture": "#1"}
			}
		},
		{
			"from": [7.97039, 8.84827, 4.79523],
			"to": [8.03289, 8.94202, 4.98273],
			"rotation": {"angle": 0, "axis": "y", "origin": [8.00164, 7.16077, 8.70148]},
			"faces": {
				"north": {"uv": [1.125, 14, 2.875, 14.625], "rotation": 90, "texture": "#1"},
				"east": {"uv": [1.125, 14, 2.875, 14.625], "rotation": 90, "texture": "#1"},
				"south": {"uv": [1.125, 14, 2.875, 14.625], "rotation": 90, "texture": "#1"},
				"west": {"uv": [1.125, 14, 2.875, 14.625], "rotation": 90, "texture": "#1"},
				"up": {"uv": [1.125, 14, 2.875, 14.625],